index,pivot_line_dev_mm,z_through_o_err_mm
0,0.0000,0.0002
1,0.0000,0.0003
2,0.0000,0.0008
3,0.0000,0.0006
4,0.0000,0.0007
5,0.0000,0.0003
6,0.0000,0.0009
7,0.0000,0.0007
8,0.0000,0.0004
9,0.0000,0.0004
10,0.0000,0.0005
11,0.0000,0.0008
12,0.0000,0.0007
13,0.0000,0.0004
14,0.0000,0.0004
15,0.0000,0.0008
16,0.0000,0.0003
17,0.0000,0.0006
18,0.0000,0.0002
19,0.0000,0.0008
20,0.0000,0.0004
21,0.0000,0.0004
22,0.0000,0.0006
23,0.0000,0.0005
24,0.0000,0.0008
25,0.0000,0.0005
26,0.0000,0.0004
27,0.0000,0.0005
28,0.0000,0.0008
29,0.0000,0.0006
30,0.0000,0.0005
31,0.0000,0.0005
32,0.0000,0.0004
33,0.0000,0.0010
34,0.0000,0.0005
35,0.0000,0.0003
36,0.0000,0.0004
37,0.0000,0.0008
38,0.0000,0.0003
39,0.0000,0.0004
40,0.0000,0.0006
41,0.0000,0.0006
42,0.0000,0.0008
43,0.0000,0.0005
44,0.0000,0.0006
45,0.0000,0.0005
46,0.0000,0.0009
47,0.0000,0.0006
48,0.0000,0.0004
49,0.0000,0.0005
50,0.0000,0.0009
51,0.0000,0.0003
52,0.0000,0.0004
53,0.0000,0.0006
54,0.0000,0.0006
55,0.0000,0.0009
56,0.0000,0.0006
57,0.0000,0.0006
58,0.0000,0.0005
59,0.0000,0.0009
60,0.0000,0.0005
61,0.0000,0.0005
62,0.0000,0.0007
63,0.0000,0.0004
64,0.0000,0.0010
65,0.0000,0.0006
66,0.0000,0.0003
67,0.0000,0.0005
68,0.0000,0.0008
69,0.0000,0.0006
70,0.0000,0.0004
71,0.0000,0.0004
72,0.0000,0.0003
73,0.0000,0.0009
74,0.0000,0.0003
75,0.0000,0.0004
76,0.0000,0.0003
77,0.0000,0.0010
78,0.0000,0.0004
79,0.0000,0.0005
80,0.0000,0.0005
81,0.0000,0.0008
82,0.0000,0.0004
83,0.0000,0.0007
84,0.0000,0.0005
85,0.0000,0.0005
86,0.0000,0.0009
87,0.0000,0.0006
88,0.0000,0.0007
89,0.0000,0.0006
90,0.0000,0.0010
91,0.0000,0.0004
92,0.0000,0.0005
93,0.0000,0.0003
94,0.0000,0.0005
95,0.0000,0.0010
96,0.0000,0.0004
97,0.0000,0.0005
98,0.0000,0.0004
99,0.0000,0.0009
100,0.0000,0.0007
101,0.0000,0.0004
102,0.0000,0.0005
103,0.0000,0.0007
104,0.0000,0.0008
105,0.0000,0.0003
106,0.0000,0.0002
107,0.0000,0.0005
108,0.0000,0.0008
109,0.0000,0.0003
110,0.0000,0.0005
111,0.0000,0.0005
112,0.0000,0.0010
113,0.0000,0.0005
114,0.0000,0.0004
115,0.0000,0.0005
116,0.0000,0.0006
117,0.0000,0.0010
118,0.0000,0.0004
119,0.0000,0.0004
120,0.0000,0.0006
121,0.0000,0.0009
122,0.0000,0.0002
123,0.0000,0.0004
124,0.0000,0.0005
125,0.0000,0.0004
126,0.0000,0.0008
127,0.0000,0.0004
128,0.0000,0.0006
129,0.0000,0.0004
130,0.0000,0.0008
131,0.0000,0.0006
132,0.0000,0.0006
133,0.0000,0.0005
134,0.0000,0.0004
135,0.0000,0.0009
136,0.0000,0.0006
137,0.0000,0.0005
138,0.0000,0.0005
139,0.0000,0.0008
140,0.0000,0.0004
141,0.0000,0.0005
142,0.0000,0.0002
143,0.0000,0.0008
144,0.0000,0.0003
145,0.0000,0.0007
146,0.0000,0.0005
147,0.0000,0.0004
148,0.0000,0.0010
149,0.0000,0.0005
150,0.0000,0.0004
151,0.0000,0.0005
152,0.0000,0.0009
153,0.0000,0.0006
154,0.0000,0.0005
155,0.0000,0.0003
156,0.0000,0.0005
157,0.0000,0.0008
158,0.0000,0.0007
159,0.0000,0.0006
160,0.0000,0.0007
161,0.0000,0.0010
162,0.0000,0.0006
163,0.0000,0.0005
164,0.0000,0.0005
165,0.0000,0.0007
166,0.0000,0.0009
167,0.0000,0.0004
168,0.0000,0.0005
169,0.0000,0.0005
170,0.0000,0.0009
171,0.0000,0.0007
172,0.0000,0.0003
173,0.0000,0.0004
174,0.0000,0.0008
175,0.0000,0.0005
176,0.0000,0.0003
177,0.0000,0.0004
178,0.0000,0.0004
179,0.0000,0.0010
180,0.0000,0.0003
181,0.0000,0.0005
182,0.0000,0.0003
183,0.0000,0.0010
184,0.0000,0.0006
185,0.0000,0.0004
186,0.0000,0.0007
187,0.0000,0.0005
188,0.0000,0.0009
189,0.0000,0.0004
190,0.0000,0.0005
191,0.0000,0.0006
192,0.0000,0.0009
193,0.0000,0.0004
194,0.0000,0.0006
195,0.0000,0.0006
196,0.0000,0.0004
197,0.0000,0.0008
198,0.0000,0.0005
199,0.0000,0.0005
200,0.0000,0.0004
201,0.0000,0.0010
202,0.0000,0.0005
203,0.0000,0.0005
204,0.0000,0.0006
205,0.0000,0.0009
206,0.0000,0.0003
207,0.0000,0.0006
208,0.0000,0.0006
209,0.0000,0.0004
210,0.0000,0.0008
211,0.0000,0.0003
212,0.0000,0.0004
213,0.0000,0.0003
214,0.0000,0.0009
215,0.0000,0.0006
216,0.0000,0.0004
217,0.0000,0.0005
218,0.0000,0.0005
219,0.0000,0.0010
220,0.0000,0.0004
221,0.0000,0.0005
222,0.0000,0.0004
223,0.0000,0.0009
224,0.0000,0.0003
225,0.0000,0.0005
226,0.0000,0.0006
227,0.0000,0.0004
228,0.0000,0.0009
229,0.0000,0.0002
230,0.0000,0.0002
231,0.0000,0.0006
232,0.0000,0.0008
233,0.0000,0.0003
234,0.0000,0.0004
235,0.0000,0.0004
236,0.0000,0.0010
237,0.0000,0.0003
238,0.0000,0.0005
239,0.0000,0.0004
240,0.0000,0.0004
241,0.0000,0.0010
242,0.0000,0.0005
243,0.0000,0.0003
244,0.0000,0.0007
245,0.0000,0.0010
246,0.0000,0.0004
247,0.0000,0.0003
248,0.0000,0.0002
249,0.0000,0.0005
250,0.0000,0.0008
251,0.0000,0.0007
252,0.0000,0.0003
253,0.0000,0.0006
254,0.0000,0.0010
255,0.0000,0.0003
256,0.0000,0.0006
257,0.0000,0.0005
258,0.0000,0.0003
259,0.0000,0.0008
260,0.0000,0.0003
261,0.0000,0.0007
262,0.0000,0.0005
263,0.0000,0.0009
264,0.0000,0.0004
265,0.0000,0.0005
266,0.0000,0.0005
267,0.0000,0.0010
268,0.0000,0.0005
269,0.0000,0.0005
270,0.0000,0.0003
271,0.0000,0.0005
272,0.0000,0.0008
273,0.0000,0.0005
274,0.0000,0.0006
275,0.0000,0.0005
276,0.0000,0.0009
277,0.0000,0.0004
278,0.0000,0.0004
279,0.0000,0.0005
280,0.0000,0.0005
281,0.0000,0.0008
282,0.0000,0.0005
283,0.0000,0.0006
284,0.0000,0.0005
285,0.0000,0.0010
286,0.0000,0.0004
287,0.0000,0.0005
288,0.0000,0.0005
289,0.0000,0.0006
290,0.0000,0.0009
291,0.0000,0.0003
292,0.0000,0.0005
293,0.0000,0.0004
294,0.0000,0.0008
295,0.0000,0.0005
296,0.0000,0.0004
297,0.0000,0.0005
298,0.0000,0.0010
299,0.0000,0.0002
300,0.0000,0.0006
301,0.0000,0.0005
302,0.0000,0.0006
303,0.0000,0.0009
304,0.0000,0.0005
305,0.0000,0.0006
306,0.0000,0.0006
307,0.0000,0.0009
308,0.0000,0.0006
309,0.0000,0.0006
310,0.0000,0.0006
311,0.0000,0.0003
312,0.0000,0.0009
313,0.0000,0.0003
314,0.0000,0.0006
315,0.0000,0.0003
316,0.0000,0.0009
317,0.0000,0.0005
318,0.0000,0.0005
319,0.0000,0.0005
320,0.0000,0.0006
321,0.0000,0.0008
322,0.0000,0.0005
323,0.0000,0.0006
324,0.0000,0.0006
325,0.0000,0.0008
326,0.0000,0.0003
327,0.0000,0.0006
328,0.0000,0.0003
329,0.0000,0.0010
330,0.0000,0.0005
331,0.0000,0.0006
332,0.0000,0.0006
333,0.0000,0.0004
334,0.0000,0.0010
335,0.0000,0.0003
336,0.0000,0.0006
337,0.0000,0.0005
338,0.0000,0.0009
339,0.0000,0.0005
340,0.0000,0.0002
341,0.0000,0.0003
342,0.0000,0.0006
343,0.0000,0.0009
344,0.0000,0.0005
345,0.0000,0.0003
346,0.0000,0.0006
347,0.0000,0.0009
348,0.0000,0.0006
349,0.0000,0.0006
350,0.0000,0.0003
351,0.0000,0.0005
352,0.0000,0.0010
353,0.0000,0.0002
354,0.0000,0.0006
355,0.0000,0.0004
356,0.0000,0.0009
357,0.0000,0.0004
358,0.0000,0.0004
359,0.0000,0.0005
360,0.0000,0.0008
361,0.0000,0.0003
362,0.0000,0.0004
363,0.0000,0.0004
364,0.0000,0.0002
365,0.0000,0.0011
366,0.0000,0.0004
367,0.0000,0.0004
368,0.0000,0.0005
369,0.0000,0.0008
370,0.0000,0.0004
371,0.0000,0.0004
372,0.0000,0.0008
373,0.0000,0.0004
374,0.0000,0.0008
375,0.0000,0.0003
376,0.0000,0.0005
377,0.0000,0.0004
378,0.0000,0.0008
379,0.0000,0.0007
380,0.0000,0.0002
381,0.0000,0.0004
382,0.0000,0.0004
383,0.0000,0.0008
384,0.0000,0.0003
385,0.0000,0.0005
386,0.0000,0.0004
387,0.0000,0.0009
388,0.0000,0.0005
389,0.0000,0.0004
390,0.0000,0.0006
391,0.0000,0.0008
392,0.0000,0.0006
393,0.0000,0.0005
394,0.0000,0.0003
395,0.0000,0.0006
396,0.0000,0.0009
397,0.0000,0.0004
398,0.0000,0.0006
399,0.0000,0.0003
400,0.0000,0.0009
401,0.0000,0.0005
402,0.0000,0.0006
403,0.0000,0.0003
404,0.0000,0.0002
405,0.0000,0.0009
406,0.0000,0.0005
407,0.0000,0.0005
408,0.0000,0.0006
409,0.0000,0.0008
410,0.0000,0.0006
411,0.0000,0.0004
412,0.0000,0.0006
413,0.0000,0.0006
414,0.0000,0.0009
415,0.0000,0.0006
416,0.0000,0.0003
417,0.0000,0.0006
418,0.0000,0.0008
419,0.0000,0.0003
420,0.0000,0.0006
421,0.0000,0.0006
422,0.0000,0.0009
423,0.0000,0.0004
424,0.0000,0.0006
425,0.0000,0.0005
426,0.0000,0.0005
427,0.0000,0.0009
428,0.0000,0.0004
429,0.0000,0.0003
430,0.0000,0.0006
431,0.0000,0.0008
432,0.0000,0.0006
433,0.0000,0.0003
434,0.0000,0.0006
435,0.0000,0.0006
436,0.0000,0.0010
437,0.0000,0.0005
438,0.0000,0.0006
439,0.0000,0.0006
440,0.0000,0.0009
441,0.0000,0.0006
442,0.0000,0.0006
443,0.0000,0.0005
444,0.0000,0.0006
445,0.0000,0.0008
446,0.0000,0.0007
447,0.0000,0.0005
448,0.0000,0.0004
449,0.0000,0.0009
450,0.0000,0.0003
451,0.0000,0.0004
452,0.0000,0.0005
453,0.0000,0.0008
454,0.0000,0.0005
455,0.0000,0.0006
456,0.0000,0.0005
457,0.0000,0.0005
458,0.0000,0.0009
459,0.0000,0.0006
460,0.0000,0.0005
461,0.0000,0.0006
462,0.0000,0.0009
463,0.0000,0.0003
464,0.0000,0.0005
465,0.0000,0.0005
466,0.0000,0.0004
467,0.0000,0.0008
468,0.0000,0.0005
469,0.0000,0.0005
470,0.0000,0.0006
471,0.0000,0.0009
472,0.0000,0.0004
473,0.0000,0.0005
474,0.0000,0.0003
475,0.0000,0.0005
476,0.0000,0.0009
477,0.0000,0.0006
478,0.0000,0.0005
479,0.0000,0.0005
480,0.0000,0.0009
481,0.0000,0.0004
482,0.0000,0.0005
483,0.0000,0.0007
484,0.0000,0.0008
485,0.0000,0.0003
486,0.0000,0.0003
487,0.0000,0.0005
488,0.0000,0.0006
489,0.0000,0.0008
490,0.0000,0.0007
491,0.0000,0.0006
492,0.0000,0.0003
493,0.0000,0.0010
494,0.0000,0.0004
495,0.0000,0.0005
496,0.0000,0.0002
497,0.0000,0.0003
498,0.0000,0.0008
499,0.0000,0.0006
500,0.0000,0.0007
501,0.0000,0.0003
502,0.0000,0.0009
503,0.0000,0.0007
504,0.0000,0.0004
505,0.0000,0.0004
506,0.0000,0.0005
507,0.0000,0.0008
508,0.0000,0.0007
509,0.0000,0.0004
510,0.0000,0.0004
511,0.0000,0.0008
512,0.0000,0.0003
513,0.0000,0.0006
514,0.0000,0.0002
515,0.0000,0.0008
516,0.0000,0.0004
517,0.0000,0.0004
518,0.0000,0.0006
519,0.0000,0.0005
520,0.0000,0.0008
521,0.0000,0.0005
522,0.0000,0.0004
523,0.0000,0.0005
524,0.0000,0.0008
525,0.0000,0.0006
526,0.0000,0.0005
527,0.0000,0.0005
528,0.0000,0.0004
529,0.0000,0.0010
530,0.0000,0.0005
531,0.0000,0.0003
532,0.0000,0.0004
533,0.0000,0.0008
534,0.0000,0.0003
535,0.0000,0.0004
536,0.0000,0.0006
537,0.0000,0.0006
538,0.0000,0.0008
539,0.0000,0.0005
540,0.0000,0.0006
541,0.0000,0.0005
542,0.0000,0.0009
543,0.0000,0.0006
544,0.0000,0.0004
545,0.0000,0.0005
546,0.0000,0.0009
547,0.0000,0.0003
548,0.0000,0.0004
549,0.0000,0.0006
550,0.0000,0.0006
551,0.0000,0.0009
552,0.0000,0.0006
553,0.0000,0.0006
554,0.0000,0.0005
555,0.0000,0.0009
556,0.0000,0.0005
557,0.0000,0.0005
558,0.0000,0.0007
559,0.0000,0.0004
560,0.0000,0.0010
561,0.0000,0.0006
562,0.0000,0.0003
563,0.0000,0.0005
564,0.0000,0.0008
565,0.0000,0.0006
566,0.0000,0.0004
567,0.0000,0.0004
568,0.0000,0.0003
569,0.0000,0.0009
570,0.0000,0.0003
571,0.0000,0.0004
572,0.0000,0.0003
573,0.0000,0.0010
574,0.0000,0.0004
575,0.0000,0.0005
576,0.0000,0.0005
577,0.0000,0.0008
578,0.0000,0.0004
579,0.0000,0.0007
580,0.0000,0.0005
581,0.0000,0.0005
582,0.0000,0.0009
583,0.0000,0.0006
584,0.0000,0.0007
585,0.0000,0.0006
586,0.0000,0.0010
587,0.0000,0.0004
588,0.0000,0.0005
589,0.0000,0.0003
590,0.0000,0.0005
591,0.0000,0.0010
592,0.0000,0.0004
593,0.0000,0.0005
594,0.0000,0.0004
595,0.0000,0.0009
596,0.0000,0.0007
597,0.0000,0.0004
598,0.0000,0.0005
599,0.0000,0.0007
600,0.0000,0.0008
601,0.0000,0.0003
602,0.0000,0.0002
603,0.0000,0.0005
604,0.0000,0.0008
605,0.0000,0.0003
606,0.0000,0.0005
607,0.0000,0.0005
608,0.0000,0.0010
609,0.0000,0.0005
610,0.0000,0.0004
611,0.0000,0.0005
612,0.0000,0.0006
613,0.0000,0.0010
614,0.0000,0.0004
615,0.0000,0.0004
616,0.0000,0.0006
617,0.0000,0.0009
618,0.0000,0.0002
619,0.0000,0.0004
620,0.0000,0.0005
621,0.0000,0.0004
622,0.0000,0.0008
623,0.0000,0.0004
624,0.0000,0.0006
625,0.0000,0.0004
626,0.0000,0.0008
627,0.0000,0.0006
628,0.0000,0.0006
629,0.0000,0.0005
630,0.0000,0.0004
631,0.0000,0.0009
632,0.0000,0.0006
633,0.0000,0.0005
634,0.0000,0.0005
635,0.0000,0.0008
636,0.0000,0.0004
637,0.0000,0.0005
638,0.0000,0.0002
639,0.0000,0.0008
640,0.0000,0.0003
641,0.0000,0.0007
642,0.0000,0.0005
643,0.0000,0.0004
644,0.0000,0.0010
645,0.0000,0.0005
646,0.0000,0.0004
647,0.0000,0.0005
648,0.0000,0.0009
649,0.0000,0.0006
650,0.0000,0.0005
651,0.0000,0.0003
652,0.0000,0.0005
653,0.0000,0.0008
654,0.0000,0.0007
655,0.0000,0.0006
656,0.0000,0.0007
657,0.0000,0.0010
658,0.0000,0.0006
659,0.0000,0.0005
660,0.0000,0.0005
661,0.0000,0.0007
662,0.0000,0.0009
663,0.0000,0.0004
664,0.0000,0.0005
665,0.0000,0.0005
666,0.0000,0.0009
667,0.0000,0.0007
668,0.0000,0.0003
669,0.0000,0.0004
670,0.0000,0.0008
671,0.0000,0.0005
672,0.0000,0.0003
673,0.0000,0.0004
674,0.0000,0.0004
675,0.0000,0.0010
676,0.0000,0.0003
677,0.0000,0.0005
678,0.0000,0.0003
679,0.0000,0.0010
680,0.0000,0.0006
681,0.0000,0.0004
682,0.0000,0.0007
683,0.0000,0.0005
684,0.0000,0.0009
685,0.0000,0.0004
686,0.0000,0.0005
687,0.0000,0.0006
688,0.0000,0.0009
689,0.0000,0.0004
690,0.0000,0.0006
691,0.0000,0.0006
692,0.0000,0.0004
693,0.0000,0.0008
694,0.0000,0.0005
695,0.0000,0.0005
696,0.0000,0.0004
697,0.0000,0.0010
698,0.0000,0.0005
699,0.0000,0.0005
700,0.0000,0.0006
701,0.0000,0.0009
702,0.0000,0.0003
703,0.0000,0.0006
704,0.0000,0.0006
705,0.0000,0.0004
706,0.0000,0.0008
707,0.0000,0.0003
708,0.0000,0.0004
709,0.0000,0.0003
710,0.0000,0.0009
711,0.0000,0.0006
712,0.0000,0.0004
713,0.0000,0.0005
714,0.0000,0.0005
715,0.0000,0.0010
716,0.0000,0.0004
717,0.0000,0.0005
718,0.0000,0.0004
719,0.0000,0.0009
720,0.0000,0.0003
721,0.0000,0.0005
722,0.0000,0.0006
723,0.0000,0.0004
724,0.0000,0.0009
725,0.0000,0.0002
726,0.0000,0.0002
727,0.0000,0.0006
728,0.0000,0.0008
729,0.0000,0.0003
730,0.0000,0.0004
731,0.0000,0.0004
732,0.0000,0.0010
733,0.0000,0.0003
734,0.0000,0.0005
735,0.0000,0.0004
736,0.0000,0.0004
737,0.0000,0.0010
738,0.0000,0.0005
739,0.0000,0.0003
740,0.0000,0.0007
741,0.0000,0.0010
742,0.0000,0.0004
743,0.0000,0.0003
744,0.0000,0.0002
745,0.0000,0.0005
746,0.0000,0.0008
747,0.0000,0.0007
748,0.0000,0.0003
749,0.0000,0.0006
750,0.0000,0.0010
751,0.0000,0.0003
752,0.0000,0.0006
753,0.0000,0.0005
754,0.0000,0.0003
755,0.0000,0.0008
756,0.0000,0.0003
757,0.0000,0.0007
758,0.0000,0.0005
759,0.0000,0.0009
760,0.0000,0.0004
761,0.0000,0.0005
762,0.0000,0.0005
763,0.0000,0.0010
764,0.0000,0.0005
765,0.0000,0.0005
766,0.0000,0.0003
767,0.0000,0.0005
768,0.0000,0.0008
769,0.0000,0.0005
770,0.0000,0.0006
771,0.0000,0.0005
772,0.0000,0.0009
773,0.0000,0.0004
774,0.0000,0.0004
775,0.0000,0.0005
776,0.0000,0.0005
777,0.0000,0.0008
778,0.0000,0.0005
779,0.0000,0.0006
780,0.0000,0.0005
781,0.0000,0.0010
782,0.0000,0.0004
783,0.0000,0.0005
784,0.0000,0.0005
785,0.0000,0.0006
786,0.0000,0.0009
787,0.0000,0.0003
788,0.0000,0.0005
789,0.0000,0.0004
790,0.0000,0.0008
791,0.0000,0.0005
792,0.0000,0.0004
793,0.0000,0.0005
794,0.0000,0.0010
795,0.0000,0.0002
796,0.0000,0.0006
797,0.0000,0.0005
798,0.0000,0.0006
799,0.0000,0.0009
800,0.0000,0.0005
801,0.0000,0.0006
802,0.0000,0.0006
803,0.0000,0.0009
804,0.0000,0.0006
805,0.0000,0.0006
806,0.0000,0.0006
807,0.0000,0.0003
808,0.0000,0.0009
809,0.0000,0.0003
810,0.0000,0.0006
811,0.0000,0.0003
812,0.0000,0.0009
813,0.0000,0.0005
814,0.0000,0.0005
815,0.0000,0.0005
816,0.0000,0.0006
817,0.0000,0.0008
818,0.0000,0.0005
819,0.0000,0.0006
820,0.0000,0.0006
821,0.0000,0.0008
822,0.0000,0.0003
823,0.0000,0.0006
824,0.0000,0.0003
825,0.0000,0.0010
826,0.0000,0.0005
827,0.0000,0.0006
828,0.0000,0.0006
829,0.0000,0.0004
830,0.0000,0.0010
831,0.0000,0.0003
832,0.0000,0.0006
833,0.0000,0.0005
834,0.0000,0.0009
835,0.0000,0.0005
836,0.0000,0.0002
837,0.0000,0.0003
838,0.0000,0.0006
839,0.0000,0.0009
840,0.0000,0.0005
841,0.0000,0.0003
842,0.0000,0.0006
843,0.0000,0.0009
844,0.0000,0.0006
845,0.0000,0.0006
846,0.0000,0.0003
847,0.0000,0.0005
848,0.0000,0.0010
849,0.0000,0.0002
850,0.0000,0.0006
851,0.0000,0.0004
852,0.0000,0.0009
853,0.0000,0.0004
854,0.0000,0.0004
855,0.0000,0.0005
856,0.0000,0.0008
857,0.0000,0.0003
858,0.0000,0.0004
859,0.0000,0.0004
860,0.0000,0.0002
861,0.0000,0.0011
862,0.0000,0.0004
863,0.0000,0.0004
864,0.0000,0.0005
865,0.0000,0.0008
866,0.0000,0.0004
867,0.0000,0.0004
868,0.0000,0.0008
869,0.0000,0.0004
870,0.0000,0.0008
871,0.0000,0.0003
872,0.0000,0.0005
873,0.0000,0.0004
874,0.0000,0.0008
875,0.0000,0.0007
876,0.0000,0.0002
877,0.0000,0.0004
878,0.0000,0.0004
879,0.0000,0.0008
880,0.0000,0.0003
881,0.0000,0.0005
882,0.0000,0.0004
883,0.0000,0.0009
884,0.0000,0.0005
885,0.0000,0.0004
886,0.0000,0.0006
887,0.0000,0.0008
888,0.0000,0.0006
889,0.0000,0.0005
890,0.0000,0.0003
891,0.0000,0.0006
892,0.0000,0.0009
893,0.0000,0.0004
894,0.0000,0.0006
895,0.0000,0.0003
896,0.0000,0.0009
897,0.0000,0.0005
898,0.0000,0.0006
899,0.0000,0.0003
900,0.0000,0.0002
901,0.0000,0.0009
902,0.0000,0.0005
903,0.0000,0.0005
904,0.0000,0.0006
905,0.0000,0.0008
906,0.0000,0.0006
907,0.0000,0.0004
908,0.0000,0.0006
909,0.0000,0.0006
910,0.0000,0.0009
911,0.0000,0.0006
912,0.0000,0.0003
913,0.0000,0.0006
914,0.0000,0.0008
915,0.0000,0.0003
916,0.0000,0.0006
917,0.0000,0.0006
918,0.0000,0.0009
919,0.0000,0.0004
920,0.0000,0.0006
921,0.0000,0.0005
922,0.0000,0.0005
923,0.0000,0.0009
924,0.0000,0.0004
925,0.0000,0.0003
926,0.0000,0.0006
927,0.0000,0.0008
928,0.0000,0.0006
929,0.0000,0.0003
930,0.0000,0.0006
931,0.0000,0.0006
932,0.0000,0.0010
933,0.0000,0.0005
934,0.0000,0.0006
935,0.0000,0.0006
936,0.0000,0.0009
937,0.0000,0.0006
938,0.0000,0.0006
939,0.0000,0.0005
940,0.0000,0.0006
941,0.0000,0.0008
942,0.0000,0.0007
943,0.0000,0.0005
944,0.0000,0.0004
945,0.0000,0.0009
946,0.0000,0.0003
947,0.0000,0.0004
948,0.0000,0.0005
949,0.0000,0.0008
950,0.0000,0.0005
951,0.0000,0.0006
952,0.0000,0.0005
953,0.0000,0.0005
954,0.0000,0.0009
955,0.0000,0.0006
956,0.0000,0.0005
957,0.0000,0.0006
958,0.0000,0.0009
959,0.0000,0.0003
960,0.0000,0.0005
961,0.0000,0.0005
962,0.0000,0.0004
963,0.0000,0.0008
964,0.0000,0.0005
965,0.0000,0.0005
966,0.0000,0.0006
967,0.0000,0.0009
968,0.0000,0.0004
969,0.0000,0.0005
970,0.0000,0.0003
971,0.0000,0.0005
972,0.0000,0.0009
973,0.0000,0.0006
974,0.0000,0.0005
975,0.0000,0.0005
976,0.0000,0.0009
977,0.0000,0.0004
978,0.0000,0.0005
979,0.0000,0.0007
980,0.0000,0.0008
981,0.0000,0.0003
982,0.0000,0.0003
983,0.0000,0.0005
984,0.0000,0.0006
985,0.0000,0.0008
986,0.0000,0.0007
987,0.0000,0.0006
988,0.0000,0.0003
989,0.0000,0.0010
990,0.0000,0.0004
991,0.0000,0.0005
992,0.0000,0.0002
993,0.0000,0.0003
994,0.0000,0.0008
995,0.0000,0.0006
996,0.0000,0.0007
997,0.0000,0.0003
998,0.0000,0.0009
999,0.0000,0.0007
1000,0.0000,0.0004
1001,0.0000,0.0004
1002,0.0000,0.0005
1003,0.0000,0.0008
1004,0.0000,0.0007
1005,0.0000,0.0004
1006,0.0000,0.0004
1007,0.0000,0.0008
1008,0.0000,0.0003
1009,0.0000,0.0006
1010,0.0000,0.0002
1011,0.0000,0.0008
1012,0.0000,0.0004
1013,0.0000,0.0004
1014,0.0000,0.0006
1015,0.0000,0.0005
1016,0.0000,0.0008
1017,0.0000,0.0005
1018,0.0000,0.0004
1019,0.0000,0.0005
1020,0.0000,0.0008
1021,0.0000,0.0006
1022,0.0000,0.0005
1023,0.0000,0.0005
1024,0.0000,0.0004
1025,0.0000,0.0010
1026,0.0000,0.0005
1027,0.0000,0.0003
1028,0.0000,0.0004
1029,0.0000,0.0008
1030,0.0000,0.0003
1031,0.0000,0.0004
1032,0.0000,0.0006
1033,0.0000,0.0006
1034,0.0000,0.0008
1035,0.0000,0.0005
1036,0.0000,0.0006
1037,0.0000,0.0005
1038,0.0000,0.0009
1039,0.0000,0.0006
1040,0.0000,0.0004
1041,0.0000,0.0005
1042,0.0000,0.0009
1043,0.0000,0.0003
1044,0.0000,0.0004
1045,0.0000,0.0006
1046,0.0000,0.0006
1047,0.0000,0.0009
1048,0.0000,0.0006
1049,0.0000,0.0006
1050,0.0000,0.0005
1051,0.0000,0.0009
1052,0.0000,0.0005
1053,0.0000,0.0005
1054,0.0000,0.0007
1055,0.0000,0.0004
1056,0.0000,0.0010
1057,0.0000,0.0006
1058,0.0000,0.0003
1059,0.0000,0.0005
1060,0.0000,0.0008
1061,0.0000,0.0006
1062,0.0000,0.0004
1063,0.0000,0.0004
1064,0.0000,0.0003
1065,0.0000,0.0009
1066,0.0000,0.0003
1067,0.0000,0.0004
1068,0.0000,0.0003
1069,0.0000,0.0010
1070,0.0000,0.0004
1071,0.0000,0.0005
1072,0.0000,0.0005
1073,0.0000,0.0008
1074,0.0000,0.0004
1075,0.0000,0.0007
1076,0.0000,0.0005
1077,0.0000,0.0005
1078,0.0000,0.0009
1079,0.0000,0.0006
1080,0.0000,0.0007
1081,0.0000,0.0006
1082,0.0000,0.0010
1083,0.0000,0.0004
1084,0.0000,0.0005
1085,0.0000,0.0003
1086,0.0000,0.0005
1087,0.0000,0.0010
1088,0.0000,0.0004
1089,0.0000,0.0005
1090,0.0000,0.0004
1091,0.0000,0.0009
1092,0.0000,0.0007
1093,0.0000,0.0004
1094,0.0000,0.0005
1095,0.0000,0.0007
1096,0.0000,0.0008
1097,0.0000,0.0003
1098,0.0000,0.0002
1099,0.0000,0.0005
1100,0.0000,0.0008
1101,0.0000,0.0003
1102,0.0000,0.0005
1103,0.0000,0.0005
1104,0.0000,0.0010
1105,0.0000,0.0005
1106,0.0000,0.0004
1107,0.0000,0.0005
1108,0.0000,0.0006
1109,0.0000,0.0010
1110,0.0000,0.0004
1111,0.0000,0.0004
1112,0.0000,0.0006
1113,0.0000,0.0009
1114,0.0000,0.0002
1115,0.0000,0.0004
1116,0.0000,0.0005
1117,0.0000,0.0004
1118,0.0000,0.0008
1119,0.0000,0.0004
1120,0.0000,0.0006
1121,0.0000,0.0004
1122,0.0000,0.0008
1123,0.0000,0.0006
1124,0.0000,0.0006
1125,0.0000,0.0005
1126,0.0000,0.0004
1127,0.0000,0.0009
1128,0.0000,0.0006
1129,0.0000,0.0005
1130,0.0000,0.0005
1131,0.0000,0.0008
1132,0.0000,0.0004
1133,0.0000,0.0005
1134,0.0000,0.0002
1135,0.0000,0.0008
1136,0.0000,0.0003
1137,0.0000,0.0007
1138,0.0000,0.0005
1139,0.0000,0.0004
1140,0.0000,0.0010
1141,0.0000,0.0005
1142,0.0000,0.0004
1143,0.0000,0.0005
1144,0.0000,0.0009
1145,0.0000,0.0006
1146,0.0000,0.0005
1147,0.0000,0.0003
1148,0.0000,0.0005
1149,0.0000,0.0008
1150,0.0000,0.0007
1151,0.0000,0.0006
1152,0.0000,0.0007
1153,0.0000,0.0010
1154,0.0000,0.0006
1155,0.0000,0.0005
1156,0.0000,0.0005
1157,0.0000,0.0007
1158,0.0000,0.0009
1159,0.0000,0.0004
1160,0.0000,0.0005
1161,0.0000,0.0005
1162,0.0000,0.0009
1163,0.0000,0.0007
1164,0.0000,0.0003
1165,0.0000,0.0004
1166,0.0000,0.0008
1167,0.0000,0.0005
1168,0.0000,0.0003
1169,0.0000,0.0004
1170,0.0000,0.0004
1171,0.0000,0.0010
1172,0.0000,0.0003
1173,0.0000,0.0005
1174,0.0000,0.0003
1175,0.0000,0.0010
1176,0.0000,0.0006
1177,0.0000,0.0004
1178,0.0000,0.0007
1179,0.0000,0.0005
1180,0.0000,0.0009
1181,0.0000,0.0004
1182,0.0000,0.0005
1183,0.0000,0.0006
1184,0.0000,0.0009
1185,0.0000,0.0004
1186,0.0000,0.0006
1187,0.0000,0.0006
1188,0.0000,0.0004
1189,0.0000,0.0008
1190,0.0000,0.0005
1191,0.0000,0.0005
1192,0.0000,0.0004
1193,0.0000,0.0010
1194,0.0000,0.0005
1195,0.0000,0.0005
1196,0.0000,0.0006
1197,0.0000,0.0009
1198,0.0000,0.0003
1199,0.0000,0.0006
1200,0.0000,0.0006
1201,0.0000,0.0004
1202,0.0000,0.0008
1203,0.0000,0.0003
1204,0.0000,0.0004
1205,0.0000,0.0003
1206,0.0000,0.0009
1207,0.0000,0.0006
1208,0.0000,0.0004
1209,0.0000,0.0005
1210,0.0000,0.0005
1211,0.0000,0.0010
1212,0.0000,0.0004
1213,0.0000,0.0005
1214,0.0000,0.0004
1215,0.0000,0.0009
1216,0.0000,0.0003
1217,0.0000,0.0005
1218,0.0000,0.0006
1219,0.0000,0.0004
1220,0.0000,0.0009
1221,0.0000,0.0002
1222,0.0000,0.0002
1223,0.0000,0.0006
1224,0.0000,0.0008
1225,0.0000,0.0003
1226,0.0000,0.0004
1227,0.0000,0.0004
1228,0.0000,0.0010
1229,0.0000,0.0003
1230,0.0000,0.0005
1231,0.0000,0.0004
1232,0.0000,0.0004
1233,0.0000,0.0010
1234,0.0000,0.0005
1235,0.0000,0.0003
1236,0.0000,0.0007
1237,0.0000,0.0010
1238,0.0000,0.0004
1239,0.0000,0.0003
1240,0.0000,0.0002
